id,click,hour,C1,banner_pos,site_id,site_domain,site_category,app_id,app_domain,app_category,device_id,device_ip,device_model,device_type,device_conn_type,C14,C15,C16,C17,C18,C19,C20,C21
7.943253255894829e+18,1,14102100,1005,1,d9750ee7,98572c79,f028772b,ecad2386,7801e8d9,07d7df22,a99f214a,2870ad03,a0f5f879,1,0,17614,320,50,1993,2,1063,-1,33
3.1570966714574413e+18,1,14102101,1002,0,ea81afe8,b8851f66,50e219e0,ecad2386,7801e8d9,07d7df22,e99a3570,f74e2eda,25eb9e76,0,0,14198,320,50,1515,3,39,100111,23
1.2542837955267693e+19,0,14102101,1005,0,1fbe01fe,f3845767,28905ebd,ecad2386,7801e8d9,07d7df22,a99f214a,a51288d9,3bd9e8e7,1,0,15706,320,50,1722,0,35,100084,79
1.1649463041683057e+19,0,14102101,1005,1,93de26ae,7d05db75,335d28a8,ecad2386,7801e8d9,07d7df22,a99f214a,b423f022,fe691a04,1,0,20596,320,50,2161,0,35,-1,157
5.593894472711319e+18,1,14102102,1002,0,c54454a2,2296b5b3,50e219e0,ecad2386,7801e8d9,07d7df22,ba09a22f,9f577fff,43e7b962,0,0,15698,300,50,1722,0,35,100083,79
1.5331223166339555e+19,0,14102101,1005,0,85f751fd,c4e18dd6,50e219e0,53de0284,d9b5648e,0f2161f8,a99f214a,6fd249e5,f4fffcd0,1,0,21611,320,50,2480,3,297,100111,61
5.104867184837167e+18,0,14102101,1005,0,85f751fd,c4e18dd6,50e219e0,febd1138,82e27996,0f2161f8,a99f214a,6c7cd6dc,2ea4f8ba,1,0,21611,320,50,2480,3,297,100111,61
8.287980591844849e+18,1,14102102,1005,0,1fbe01fe,f3845767,28905ebd,ecad2386,7801e8d9,07d7df22,a99f214a,27f23dee,8a4875bd,1,0,15706,320,50,1722,0,35,100083,79
1.096534932676315e+19,0,14102100,1005,0,85f751fd,c4e18dd6,50e219e0,1779deee,2347f47a,f95efa07,a99f214a,0a3ade29,78d9bd10,1,0,20596,320,50,2161,0,35,-1,157
3.481143561610015e+17,1,14102102,1005,0,1fbe01fe,f3845767,28905ebd,ecad2386,7801e8d9,07d7df22,a99f214a,5e832855,36d749e5,1,0,15708,320,50,1722,0,35,-1,79
