hour_of_day,click_rate,impressions
0,0.17802958467665467,21092
1,0.18779589689637033,24713
2,0.17845106828518142,30563
3,0.1732418524871355,34980
4,0.15850469635796915,47803
5,0.161678338614301,49549
6,0.1659890521725305,44027
7,0.1796448381132562,46514
8,0.16120166431270755,52394
9,0.1600570312087448,56811
10,0.1619642392476116,53802
11,0.16821702409216518,51386
12,0.1681630584316849,55244
13,0.1697476182517132,59830
14,0.17658478174099204,55118
15,0.18234740340832678,52049
16,0.177890823713559,51110
17,0.17197402086203503,50810
18,0.1691783157176952,43995
19,0.16609017537471935,32958
20,0.16215638797892037,28084
21,0.16155147414209764,24828
22,0.16277939747327502,22638
23,0.17051796729658278,20426
