site_category,click_rate,impressions
dedf689d,0.5056,625
3e814130,0.2804980671628054,76054
42a36e14,0.2465753424657534,73
28905ebd,0.20658356332247096,184429
f028772b,0.17984778396935486,316918
70fb0e29,0.13810316139767054,601
5378d028,0.13333333333333333,15
50e219e0,0.12864636410508404,413117
75fa27f6,0.11200200451014783,3991
bcf865d9,0.10714285714285714,28
c0dd3be3,0.09488372093023256,1075
335d28a8,0.08506893517160458,3409
72722551,0.05128205128205128,702
0569f928,0.041666666666666664,432
f66779e6,0.03527364757987979,6322
76b2941d,0.03453510436432638,2635
8fd0aea4,0.016216216216216217,185
a818d37a,0.0136986301369863,73
110ab22d,0.0,1
9ccfa2ea,0.0,7
74073276,0.0,1
c706e647,0.0,1
e787de0e,0.0,30
