app_category,click_rate,impressions
f95efa07,0.2504364829946225,28638
07d7df22,0.19850455067003403,654519
4681bb9d,0.15950920245398773,163
dc97ec06,0.14285714285714285,1316
09481d60,0.14085545722713863,1356
8df2e842,0.13725490196078433,51
d1327cf5,0.13060556464811784,3055
a7fd01ec,0.125,8
4ce2e9fc,0.11937377690802348,511
0f9a328c,0.11594202898550725,138
0f2161f8,0.1075095538468622,238909
a86a3e89,0.1044776119402985,67
75d80bbe,0.10303030303030303,990
879c24eb,0.10097719869706841,307
cef3e649,0.0937233281815875,43351
8ded1f7a,0.09032453079058009,36391
fc6fa53d,0.05653710247349823,566
a3c42688,0.05190311418685121,289
2281a340,0.017241379310344827,58
18b1e0be,0.0,6
0d82db25,0.0,2
0bfbc358,0.0,10
2fc4f2aa,0.0,5
79f0b860,0.0,11
5326cf99,0.0,1
7113d72a,0.0,6
