index,count,mean,std,min,25%,50%,75%,max
id,1010724.0,9.22462216616952e+18,5.322821914634936e+18,27474199445882.0,4.61855786958463e+18,9.22629410806567e+18,1.3837684551991386e+19,1.8446740741252147e+19
click,1010724.0,0.16939243552146777,0.37509835712184375,0.0,0.0,0.0,0.0,1.0
hour,1010724.0,14102558.270667363,296.6891960597559,14102100.0,14102304.0,14102602.0,14102814.0,14103023.0
C1,1010724.0,1004.9685532351067,1.097007820090395,1001.0,1005.0,1005.0,1005.0,1012.0
banner_pos,1010724.0,0.28915114314095636,0.5074795045231951,0.0,0.0,0.0,1.0,7.0
device_type,1010724.0,1.015589814825808,0.5284850569283605,0.0,1.0,1.0,1.0,5.0
device_conn_type,1010724.0,0.3299961215920469,0.8528019783943317,0.0,0.0,0.0,0.0,5.0
C14,1010724.0,18841.711005180445,4958.7743847238335,375.0,16920.0,20346.0,21894.0,24049.0
C15,1010724.0,318.8876686414887,21.270263436338972,120.0,320.0,320.0,320.0,1024.0
C16,1010724.0,60.139215057721,47.48764624120616,20.0,50.0,50.0,50.0,1024.0
C17,1010724.0,2112.6588287207983,609.2401048015397,112.0,1863.0,2323.0,2526.0,2758.0
C18,1010724.0,1.4320675080437388,1.326550054934767,0.0,0.0,2.0,3.0,3.0
C19,1010724.0,227.5126780406916,351.4846469234285,33.0,35.0,39.0,171.0,1839.0
C20,1010724.0,53223.489216640744,49956.33713342572,-1.0,-1.0,100048.0,100086.0,100248.0
C21,1010724.0,83.44292210336353,70.34298252511128,1.0,23.0,61.0,102.0,255.0
